{
  "todos": [
    {
      "id": 1664158519679,
      "subject": "1",
      "complete": true
    },
    {
      "id": 1664158520144,
      "subject": "2",
      "complete": false
    },
    {
      "id": 1664158529879,
      "subject": "3",
      "complete": false
    },
    {
      "id": 1664158531286,
      "subject": "4",
      "complete": false
    },
    {
      "id": 1664158532550,
      "subject": "5",
      "complete": false
    },
    {
      "id": 1664158533670,
      "subject": "6",
      "complete": false
    },
    {
      "id": 1664158534718,
      "subject": "7",
      "complete": false
    },
    {
      "id": 1664158535711,
      "subject": "8",
      "complete": false
    },
    {
      "id": 1664158536622,
      "subject": "9",
      "complete": false
    },
    {
      "id": 1664158544758,
      "subject": "10",
      "complete": false
    },
    {
      "id": 1664158550926,
      "subject": "12",
      "complete": false
    },
    {
      "id": 1664158552166,
      "subject": "13",
      "complete": false
    },
    {
      "id": 1664158553390,
      "subject": "14",
      "complete": false
    },
    {
      "id": 1664158554624,
      "subject": "15",
      "complete": false
    },
    {
      "id": 1664158556030,
      "subject": "16",
      "complete": false
    },
    {
      "id": 1664158557438,
      "subject": "17",
      "complete": false
    },
    {
      "subject": "ㄴㅇㄹㅇㄴㄹ",
      "complete": true,
      "id": 1664416684596
    },
    {
      "subject": "제목을 입렿함.",
      "complete": true,
      "body": "",
      "id": 1664416684598
    }
  ]
}